{
  "Success": {
    "Average velocity in m s-1": [
      5.019916282100945,
      [
        NaN,
        NaN
      ]
    ],
    "Ratio of successful rollouts": [
      1.0,
      [
        0.20654931437723742,
        1.0
      ]
    ],
    "Ratio of rollouts reaching the goal lane": [
      1.0,
      [
        0.20654931437723742,
        1.0
      ]
    ]
  },
  "Scenario": {
    "Ratio of rollouts ending in collision of others": [
      0.0,
      [
        0.0,
        0.7934506856227626
      ]
    ]
  },
  "Safety": {
    "Ratio of rollouts ending in collision": [
      0.0,
      [
        0.0,
        0.7934506856227626
      ]
    ],
    "Ratio of rollouts ending in collision at front of ego": [
      0.0,
      [
        0.0,
        0.7934506856227626
      ]
    ],
    "Ratio of rollouts with offroad driving": [
      0.0,
      [
        0.0,
        0.7934506856227626
      ]
    ],
    "Average safety distance violations value in s2": [
      0.046462980304890086,
      [
        NaN,
        NaN
      ]
    ],
    "Mean number of hard brakings per time step": [
      0.011764705882352941,
      [
        0.00503536129458028,
        0.027241039543057653
      ]
    ],
    "Average inverse time to collision in s-1": [
      0.0003584540908561473,
      [
        NaN,
        NaN
      ]
    ]
  },
  "Comfort": {
    "Average squared acceleration in m2 s-4": [
      8.366138417058693,
      [
        NaN,
        NaN
      ]
    ],
    "Average jerk in m s-3": [
      11.590799078719165,
      [
        NaN,
        NaN
      ]
    ],
    "Average turn rate in rad s-1": [
      0.048463716125213795,
      [
        NaN,
        NaN
      ]
    ],
    "Average comfort distance violations value in s2": [
      1.3605591785728675,
      [
        NaN,
        NaN
      ]
    ]
  },
  "Fairness": {
    "Average velocity of other players in m s-1": [
      7.999507244650468,
      [
        NaN,
        NaN
      ]
    ],
    "Average acceleration of other players in m s-2": [
      1.0176737701495313,
      [
        NaN,
        NaN
      ]
    ]
  },
  "Highway": {
    "Average number of lane changes per rollout": [
      2.0,
      [
        0.24220927854396507,
        7.22468766772396
      ]
    ]
  },
  "Auxiliary": {
    "Minimum velocity after braking in m s-1": [
      0.0,
      [
        NaN,
        NaN
      ]
    ]
  }
}