{
  "Success": {
    "Average velocity in m s-1": [
      5.399858225630381,
      [
        NaN,
        NaN
      ]
    ],
    "Ratio of successful rollouts": [
      1.0,
      [
        0.20654931437723742,
        1.0
      ]
    ],
    "Ratio of rollouts reaching the goal lane": [
      1.0,
      [
        0.20654931437723742,
        1.0
      ]
    ]
  },
  "Scenario": {
    "Ratio of rollouts ending in collision of others": [
      0.0,
      [
        0.0,
        0.7934506856227626
      ]
    ]
  },
  "Safety": {
    "Ratio of rollouts ending in collision": [
      0.0,
      [
        0.0,
        0.7934506856227626
      ]
    ],
    "Ratio of rollouts ending in collision at front of ego": [
      0.0,
      [
        0.0,
        0.7934506856227626
      ]
    ],
    "Ratio of rollouts with offroad driving": [
      0.0,
      [
        0.0,
        0.7934506856227626
      ]
    ],
    "Average safety distance violations value in s2": [
      0.09507687299553269,
      [
        NaN,
        NaN
      ]
    ],
    "Mean number of hard brakings per time step": [
      0.01240694789081886,
      [
        0.005310833528045577,
        0.028710917501989994
      ]
    ],
    "Average inverse time to collision in s-1": [
      0.000522693444057612,
      [
        NaN,
        NaN
      ]
    ]
  },
  "Comfort": {
    "Average squared acceleration in m2 s-4": [
      33.6229835625144,
      [
        NaN,
        NaN
      ]
    ],
    "Average jerk in m s-3": [
      18.831392722365806,
      [
        NaN,
        NaN
      ]
    ],
    "Average turn rate in rad s-1": [
      0.052207894268541964,
      [
        NaN,
        NaN
      ]
    ],
    "Average comfort distance violations value in s2": [
      1.777905559713602,
      [
        NaN,
        NaN
      ]
    ]
  },
  "Fairness": {
    "Average velocity of other players in m s-1": [
      8.417161318332585,
      [
        NaN,
        NaN
      ]
    ],
    "Average acceleration of other players in m s-2": [
      0.8447119447082052,
      [
        NaN,
        NaN
      ]
    ]
  },
  "Highway": {
    "Average number of lane changes per rollout": [
      1.0,
      [
        0.025317807984289897,
        5.571643390938898
      ]
    ]
  },
  "Auxiliary": {
    "Minimum velocity after braking in m s-1": [
      0.0,
      [
        NaN,
        NaN
      ]
    ]
  }
}