{
  "Success": {
    "Average velocity in m s-1": [
      8.181300314522634,
      [
        7.945445969966107,
        8.417154659079161
      ]
    ],
    "Ratio of successful rollouts": [
      1.0,
      [
        0.9630065017930143,
        1.0
      ]
    ],
    "Ratio of rollouts reaching the goal lane": [
      1.0,
      [
        0.9630065017930143,
        1.0
      ]
    ]
  },
  "Scenario": {
    "Ratio of rollouts ending in collision of others": [
      0.0,
      [
        0.0,
        0.03699349820698568
      ]
    ]
  },
  "Safety": {
    "Ratio of rollouts ending in collision": [
      0.0,
      [
        0.0,
        0.03699349820698568
      ]
    ],
    "Ratio of rollouts ending in collision at front of ego": [
      0.0,
      [
        0.0,
        0.03699349820698568
      ]
    ],
    "Ratio of rollouts with offroad driving": [
      0.0,
      [
        0.0,
        0.03699349820698568
      ]
    ],
    "Average safety distance violations value in s2": [
      0.0,
      [
        NaN,
        NaN
      ]
    ],
    "Mean number of hard brakings per time step": [
      0.011038578993079876,
      [
        0.010006045669875334,
        0.01217634992762171
      ]
    ],
    "Average inverse time to collision in s-1": [
      0.0,
      [
        NaN,
        NaN
      ]
    ]
  },
  "Comfort": {
    "Average squared acceleration in m2 s-4": [
      4.701762939811174,
      [
        3.885470189416667,
        5.518055690205681
      ]
    ],
    "Average jerk in m s-3": [
      11.363615176499097,
      [
        10.317149373502193,
        12.410080979496001
      ]
    ],
    "Average turn rate in rad s-1": [
      0.1266373668765099,
      [
        0.1173648499201372,
        0.13590988383288258
      ]
    ],
    "Average comfort distance violations value in s2": [
      0.0,
      [
        NaN,
        NaN
      ]
    ]
  },
  "Fairness": {
    "Average velocity of other players in m s-1": [
      null,
      null
    ],
    "Average acceleration of other players in m s-2": [
      null,
      null
    ]
  },
  "Highway": {
    "Average number of lane changes per rollout": [
      0.49,
      [
        0.3625046974882914,
        0.6478059859291829
      ]
    ]
  },
  "Auxiliary": {
    "Minimum velocity after braking in m s-1": [
      4.860536925750284,
      [
        4.75742818389435,
        4.963645667606218
      ]
    ]
  }
}