{
  "Success": {
    "Average velocity in m s-1": [
      5.792650666635257,
      [
        NaN,
        NaN
      ]
    ],
    "Ratio of successful rollouts": [
      1.0,
      [
        0.20654931437723742,
        1.0
      ]
    ],
    "Ratio of rollouts reaching the goal lane": [
      1.0,
      [
        0.20654931437723742,
        1.0
      ]
    ]
  },
  "Scenario": {
    "Ratio of rollouts ending in collision of others": [
      0.0,
      [
        0.0,
        0.7934506856227626
      ]
    ]
  },
  "Safety": {
    "Ratio of rollouts ending in collision": [
      0.0,
      [
        0.0,
        0.7934506856227626
      ]
    ],
    "Ratio of rollouts ending in collision at front of ego": [
      0.0,
      [
        0.0,
        0.7934506856227626
      ]
    ],
    "Ratio of rollouts with offroad driving": [
      0.0,
      [
        0.0,
        0.7934506856227626
      ]
    ],
    "Average safety distance violations value in s2": [
      0.04059515537652619,
      [
        NaN,
        NaN
      ]
    ],
    "Mean number of hard brakings per time step": [
      0.0075,
      [
        0.0025538891952499396,
        0.021815720724032123
      ]
    ],
    "Average inverse time to collision in s-1": [
      0.0008104335764671808,
      [
        NaN,
        NaN
      ]
    ]
  },
  "Comfort": {
    "Average squared acceleration in m2 s-4": [
      7.579096546521851,
      [
        NaN,
        NaN
      ]
    ],
    "Average jerk in m s-3": [
      12.527563186455577,
      [
        NaN,
        NaN
      ]
    ],
    "Average turn rate in rad s-1": [
      0.05435632163435495,
      [
        NaN,
        NaN
      ]
    ],
    "Average comfort distance violations value in s2": [
      1.1051288845078053,
      [
        NaN,
        NaN
      ]
    ]
  },
  "Fairness": {
    "Average velocity of other players in m s-1": [
      8.324788012082395,
      [
        NaN,
        NaN
      ]
    ],
    "Average acceleration of other players in m s-2": [
      0.8326348526952377,
      [
        NaN,
        NaN
      ]
    ]
  },
  "Highway": {
    "Average number of lane changes per rollout": [
      1.0,
      [
        0.025317807984289897,
        5.571643390938898
      ]
    ]
  },
  "Auxiliary": {
    "Minimum velocity after braking in m s-1": [
      0.0,
      [
        NaN,
        NaN
      ]
    ]
  }
}