{
  "Success": {
    "Average velocity in m s-1": [
      6.08431955636938,
      [
        NaN,
        NaN
      ]
    ],
    "Ratio of successful rollouts": [
      1.0,
      [
        0.20654931437723742,
        1.0
      ]
    ],
    "Ratio of rollouts reaching the goal lane": [
      1.0,
      [
        0.20654931437723742,
        1.0
      ]
    ]
  },
  "Scenario": {
    "Ratio of rollouts ending in collision of others": [
      0.0,
      [
        0.0,
        0.7934506856227626
      ]
    ]
  },
  "Safety": {
    "Ratio of rollouts ending in collision": [
      0.0,
      [
        0.0,
        0.7934506856227626
      ]
    ],
    "Ratio of rollouts ending in collision at front of ego": [
      0.0,
      [
        0.0,
        0.7934506856227626
      ]
    ],
    "Ratio of rollouts with offroad driving": [
      0.0,
      [
        0.0,
        0.7934506856227626
      ]
    ],
    "Average safety distance violations value in s2": [
      0.13057104662421445,
      [
        NaN,
        NaN
      ]
    ],
    "Mean number of hard brakings per time step": [
      0.02127659574468085,
      [
        0.010819753284093,
        0.041416405671005095
      ]
    ],
    "Average inverse time to collision in s-1": [
      0.023735947431787533,
      [
        NaN,
        NaN
      ]
    ]
  },
  "Comfort": {
    "Average squared acceleration in m2 s-4": [
      27.71108563791041,
      [
        NaN,
        NaN
      ]
    ],
    "Average jerk in m s-3": [
      18.53507826994973,
      [
        NaN,
        NaN
      ]
    ],
    "Average turn rate in rad s-1": [
      0.13489117014991858,
      [
        NaN,
        NaN
      ]
    ],
    "Average comfort distance violations value in s2": [
      7.736882496111422,
      [
        NaN,
        NaN
      ]
    ]
  },
  "Fairness": {
    "Average velocity of other players in m s-1": [
      8.491676178015013,
      [
        NaN,
        NaN
      ]
    ],
    "Average acceleration of other players in m s-2": [
      0.6273065179998992,
      [
        NaN,
        NaN
      ]
    ]
  },
  "Highway": {
    "Average number of lane changes per rollout": [
      3.0,
      [
        0.6186721228956015,
        8.767273069742323
      ]
    ]
  },
  "Auxiliary": {
    "Minimum velocity after braking in m s-1": [
      0.0,
      [
        NaN,
        NaN
      ]
    ]
  }
}